DATASET TITLE,Expenditure on education as % of GDP (by education level)
COMMENTS,The indicator excludes funds from international agencies and other foreign sources; it also excludes household expenditure outside educational institutions. Change in the classification system in 2013. The official concordance has been applied.
DATASET CODE,RIO_EXP_ON_EDUC
SOURCE URL,http://appsso.eurostat.ec.europa.eu/nui/show.do?dataset=educ_uoe_fine06&lang=en
EXPLANATORY TEXT,http://ec.europa.eu/eurostat/cache/metadata/en/educ_uoe_enr_esms.htm
NUMBER OF VALUES,1222
SOURCE DATASET CODE,educ_uoe_fine01;educ_uoe_fine06;educ_figdp
DATA PROVIDER,EUROSTAT - Statistical Office of the European Union
CHANGE IN THE STRUCTURE OF THE DATASET,2019/12/13
THE END OF DATA VALUES,2016
THE START OF DATA VALUES,2012 
DATA UPDATED AT DATA PROVIDER,2020/01/21
UPDATED IN RIO,2020/01/22
RIO DOWNLOAD LINK,https://rio.jrc.ec.europa.eu/datasets/RIO_EXP_ON_EDUC.zip
-----------------------------------------------------